femina2-suit-catalog-9-pcs,suit,femina2,jpg,Femina2,9,Above Rs.1500
sunnyleone-suit-catalog-12-pcs,suit,sunnyleone,jpg,Sunny Leone,12,
tulika-suit-catalog-9-pcs,suit,tulika,jpg,Tulika,9,Rs.500 - Rs.1000
juhichawla-suit-catalog-12-pcs,suit,juhichawla,jpg,Juhi Chawla,12,Rs.1000 - Rs.1500
ayesha-suit-catalog-6-pcs,suit,ayesha,jpg,Ayesha,6,Rs.1000 - Rs.1500
amishapatel-suit-catalog-12-pcs,suit,amishapatel,jpg,Amisha Patel,12,Rs.1000 - Rs.1500
zaraa2-suit-catalog-13-pcs,suit,zaraa2,jpg,Zaraa2,13,Rs.1000 - Rs.1500
ayesha-suit-catalog-8-pcs,suit,ayesha2,jpg,Ayesha Cotton,8,Rs.1000 - Rs.1500
shakira-suit-catalog-12-pcs,suit,shakira,jpg,Shakira,12,Rs.1000 - Rs.1500
maisha-suit-catalog-8-pcs,suit,maisha,jpg,Maisha,8,Above Rs.1500
ghumar-suit-catalog-20-pcs,suit,ghumar,jpg,Ghumar,20,Below Rs.500
aayat-suit-catalog-6-pcs,suit,aayat,jpg,Aayat,6,Rs.1000 - Rs.1500
kainath-suit-catalog-12-pcs,suit,kainath,jpg,Kainath,15,Rs.1000 - Rs.1500
kesar-suit-catalog-16-pcs,suit,kesar,jpg,Kesar,16,Rs.1000 - Rs.1500
aura-vol2-suit-catalog-12-pcs,suit,auravol2,jpg,Auravol2,12,Above Rs.1500
shining-suit-catalog-10-pcs,suit,shining,jpg,shining,10,Rs.500 - Rs.1000
rivaz-suit-catalog-4-pcs,suit,rivaz,jpg,rivaz,4,Above Rs.1500
zahra-suit-catalog-10-pcs,suit,zahra,jpg,zahra,10,Above Rs.1500
jellybelly-suit-catalog-10-pcs,suit,jellybelly,jpg,jellybelly,10,Above Rs.1500
glamour-suit-catalog-10-pcs,suit,glamour,jpg,glamour,10,Rs.500 - Rs.1000
dimpal-suit-catalog-12-pcs,suit,dimpal,jpg,dimpal,12,Rs.1000 - Rs.1500
zubeda-vol12-suit-catalog-8-pcs,suit,zubedavol12,jpg,zubedavol12,8,Above Rs.1500
karishma-suit-catalog-8-pcs,suit,karishma,jpg,Karishma,8,Rs.1000 - Rs.1500
nithya44-lt-fabrics-suit-catalog-12-pcs,suit,nithya44,jpg,LT-Fabrics Nithya 44,12,Rs.1000 - Rs.1500
majestic-beauty-lt-fabrics-suit-catalog-8-pcs,suit,majesticbeauty,jpg,LT-Fabrics Majestic Beauty,8,Above Rs.1500
kashish-catalog-12-pcs,suit,kashish,jpg,Kashish,12,Rs.1000 - Rs.1500
dermycool-catalog-16-pcs,suit,dermy cool,jpg,Dermy Cool,16,Below Rs.500
eliana-suit-catalog-12-pcs,suit,eliana,jpg,Eliana,12,Rs.1000 - Rs.1500
alvira-suit-catalog-10-pcs,suit,alvira,jpg,Alvira,10,Rs.1000 - Rs.1500
celebrity-suit-catalog-8-pcs,suit,celebrity,jpg,Celebrity,8,Rs.500 - Rs.1000
yuvraj-suit-catalog-12-pcs,suit,yuvraj,jpg,Yuvraj,12,Rs.500 - Rs.1000
heroine-suit-catalog-12-pcs,suit,heroine,jpg,Heroine,12,Rs.1000 - Rs.1500
bluestar-suit-catalog-20-pcs,suit,bluestar,jpg,Bluestar,20,Rs.500 - Rs.1000
sangam-suit-catalog-12-pcs,suit,sangam,jpg,Sangam,12,Rs.500 - Rs.1000
sarkaar-suit-catalog-10-pcs ,suit,sarkaar,jpg,Sarkaar,10,Rs.500 - Rs.1000
rise3-suit-catalog-16-pcs,suit,rise3,jpeg,Rise-3,16,Below Rs.500
rise2-suit-catalog-15-pcs,suit,rise2,jpeg,Rise-2,15,Below Rs.500
priyanka-suit-catalog-9-pcs,suit,priyanka,jpg,Priyanka,9,Rs.1000 - Rs.1500
panash-suit-catalog-10-pcs,suit,panash,jpg,Panash,10,Rs.500 - Rs.1000
ramzaan-catalog-13-pcs,suit,ramzaan,jpg,Ramzaan,13,Rs.1000 - Rs.1500
madhubala-catalog-12-pcs,suit,madhubala,jpg,Madhubala,12,Rs.500 - Rs.1000
elegant-suit-catalog-12-pcs,suit,elegant,jpg,Elegant,12,Rs.500 - Rs.1000
bunny-thunny-suit-catalog-12-pcs,suit,bunnythunny,jpg,Bunny Thunny,12,Rs.500 - Rs.1000
karizma-catalog-12-pcs,suit,karizma,jpg,Karizma,12,Rs.500 - Rs.1000
shagun-catalog-12-pcs,suit,shagun,jpg,Shagun,12,Rs.500 - Rs.1000
savera-vol3-catalog-11-pcs,suit,savera3,jpg,Savera Vol 3,11,Rs.1000 - Rs.1500
zaraa-catalog-11-pcs,suit,zaraa,jpg,Zaraa,11,Rs.1000 - Rs.1500
fiona-catalog-9-pcs,suit,fiona,jpg,Fiona,9,Rs.1000 - Rs.1500
sushmita-catalog-12-pcs,suit,sushmita,jpg,Sushmita,12,Rs.1000 - Rs.1500
sakshi-catalog-9-pcs,suit,sakshi,jpg,Sakshi,9,Rs.500 - Rs.1000
queen-catalog-7-pcs,suit,queen,jpg,Queen,7,Rs.1000 - Rs.1500
bella-catalog-9-pcs,suit,bella,jpg,Bella,9,Rs.1000 - Rs.1500
antravol2-catalog-16-pcs,suit,antravol2,jpg,Antra Vol 2,16,Rs.500 - Rs.1000
swastik-vol13-catalog-24-pcs,suit,swastikvol13,jpg,Swastik Vol 13,24,Below Rs.500
nakshtra-vol14-catalog-24-pcs,suit,nakshtravol14,jpg,Nakshtra Vol 14,24,Below Rs.500
browani-catalog-12-pcs,suit,browani,jpg,Browani,12,Rs.500 - Rs.1000
garima-catalog-12-pcs,suit,garima,jpg,Garima,12,Rs.500 - Rs.1000
savera-catalog-10-pcs,suit,savera,jpg,Savera,10,Rs.1000 - Rs.1500
blackcurrent-catalog-24-pcs,suit,blackcurrent,jpg,Blackcurrent,24,Below Rs.500
kalyanam-catalog-12-pcs,suit,kalyanam,jpg,Kalyanam,12,Rs.1000 - Rs.1500
hollywoodanarkali-catalog-9-pcs,suit,hollywood,jpg,Hollywood,9,Rs.500 - Rs.1000
kiran-catalog-20-pcs,suit,kiran,jpg,Kiran,20,Below Rs.500
raaga-catalog-10-pcs,suit,raga,jpg,Raaga,10,Rs.1000 - Rs.1500
boutiqe-catalog-13-pcs,suit,boutiqe,jpg,Boutiqe,13,Rs.500 - Rs.1000
ganesha-catalog-24-pcs,suit,ganesha,jpg,Ganesha,24,Below Rs.500
maxico-catalog-10-pcs,suit,maxico,jpg,Maxico,10,Rs.500 - Rs.1000
kanganvol1-catalog-20-pcs,suit,kanganvol1,jpg,Kangan-Vol-1,20,Below Rs.500
kathavol11-catalog-12-pcs,suit,katha,jpg,Katha,12,Below Rs.500
kumkumvol3-catalog-20-pcs,suit,kumkumvol3,jpg,Kumkum-Vol-3,20,Below Rs.500
kumudvol1-catalog-12-pcs,suit,kumud,jpg,Kumud-Vol-1,12,Above Rs.1500
chanchalpari-catalog-16-pcs,suit,chanchalpari,jpg,Chanchalpari,16,Below Rs.500
rasna-catalog-32-pcs,suit,rasna,jpg,Rasna,32,Below Rs.500
sonia-catalog-24-pcs,suit,sonio,jpg,Sonia,24,Below Rs.500
zubedavol10-catalog-11-pcs,suit,zubedavol10,jpg,Zubeda-Vol-10,11,Above Rs.1500
vidhivol5-catalog-9-pcs,suit,vidhivol5,jpg,Vidhi-Vol-5,9,Above Rs.1500
